img_id,image
14536,resized_female_images\000000014536.jpg
58171,resized_female_images\000000058171.jpg
118936,resized_female_images\000000118936.jpg
326,resized_male_images\000000000326.jpg
122678,resized_female_images\000000122678.jpg
41011,resized_male_images\000000041011.jpg
29241,resized_female_images\000000029241.jpg
66821,resized_male_images\000000066821.jpg
7789,resized_female_images\000000007789.jpg
66412,resized_male_images\000000066412.jpg
110618,resized_male_images\000000110618.jpg
23984,resized_female_images\000000023984.jpg
60285,resized_female_images\000000060285.jpg
59552,resized_male_images\000000059552.jpg
34039,resized_female_images\000000034039.jpg
97057,resized_female_images\000000097057.jpg
61892,resized_male_images\000000061892.jpg
109203,resized_female_images\000000109203.jpg
29894,resized_male_images\000000029894.jpg
123851,resized_female_images\000000123851.jpg
91558,resized_male_images\000000091558.jpg
93612,resized_male_images\000000093612.jpg
73190,resized_male_images\000000073190.jpg
25987,resized_male_images\000000025987.jpg
67802,resized_male_images\000000067802.jpg
42743,resized_male_images\000000042743.jpg
115108,resized_male_images\000000115108.jpg
64341,resized_female_images\000000064341.jpg
108313,resized_male_images\000000108313.jpg
123923,resized_male_images\000000123923.jpg
79323,resized_male_images\000000079323.jpg
82551,resized_male_images\000000082551.jpg
18444,resized_male_images\000000018444.jpg
93191,resized_male_images\000000093191.jpg
95211,resized_male_images\000000095211.jpg
87850,resized_female_images\000000087850.jpg
6364,resized_female_images\000000006364.jpg
10871,resized_male_images\000000010871.jpg
68139,resized_male_images\000000068139.jpg
25710,resized_male_images\000000025710.jpg
38718,resized_male_images\000000038718.jpg
23355,resized_male_images\000000023355.jpg
82998,resized_male_images\000000082998.jpg
41597,resized_female_images\000000041597.jpg
82438,resized_female_images\000000082438.jpg
27826,resized_female_images\000000027826.jpg
57313,resized_female_images\000000057313.jpg
123512,resized_male_images\000000123512.jpg
54928,resized_male_images\000000054928.jpg
44127,resized_male_images\000000044127.jpg
93746,resized_male_images\000000093746.jpg
22816,resized_male_images\000000022816.jpg
110434,resized_male_images\000000110434.jpg
3310,resized_female_images\000000003310.jpg
26152,resized_female_images\000000026152.jpg
66309,resized_male_images\000000066309.jpg
68211,resized_male_images\000000068211.jpg
38548,resized_male_images\000000038548.jpg
49143,resized_male_images\000000049143.jpg
64092,resized_female_images\000000064092.jpg
29140,resized_female_images\000000029140.jpg
122188,resized_male_images\000000122188.jpg
19441,resized_male_images\000000019441.jpg
127880,resized_female_images\000000127880.jpg
21779,resized_female_images\000000021779.jpg
79090,resized_male_images\000000079090.jpg
16216,resized_female_images\000000016216.jpg
97800,resized_female_images\000000097800.jpg
57878,resized_female_images\000000057878.jpg
28518,resized_female_images\000000028518.jpg
133766,resized_female_images\000000133766.jpg
43324,resized_male_images\000000043324.jpg
10579,resized_male_images\000000010579.jpg
24674,resized_female_images\000000024674.jpg
26132,resized_female_images\000000026132.jpg
23050,resized_male_images\000000023050.jpg
91541,resized_male_images\000000091541.jpg
96226,resized_female_images\000000096226.jpg
5670,resized_male_images\000000005670.jpg
44244,resized_male_images\000000044244.jpg
53183,resized_female_images\000000053183.jpg
106774,resized_female_images\000000106774.jpg
76942,resized_male_images\000000076942.jpg
88576,resized_female_images\000000088576.jpg
3938,resized_female_images\000000003938.jpg
82150,resized_male_images\000000082150.jpg
73560,resized_female_images\000000073560.jpg
15544,resized_female_images\000000015544.jpg
122239,resized_male_images\000000122239.jpg
19240,resized_female_images\000000019240.jpg
91849,resized_female_images\000000091849.jpg
21674,resized_male_images\000000021674.jpg
120527,resized_male_images\000000120527.jpg
38477,resized_female_images\000000038477.jpg
78871,resized_female_images\000000078871.jpg
29719,resized_female_images\000000029719.jpg
82666,resized_male_images\000000082666.jpg
46524,resized_female_images\000000046524.jpg
38721,resized_female_images\000000038721.jpg
94631,resized_male_images\000000094631.jpg
25005,resized_male_images\000000025005.jpg
19313,resized_female_images\000000019313.jpg
97743,resized_female_images\000000097743.jpg
94010,resized_female_images\000000094010.jpg
82106,resized_male_images\000000082106.jpg
14562,resized_male_images\000000014562.jpg
128514,resized_female_images\000000128514.jpg
69252,resized_male_images\000000069252.jpg
81715,resized_male_images\000000081715.jpg
95029,resized_female_images\000000095029.jpg
4980,resized_female_images\000000004980.jpg
7839,resized_female_images\000000007839.jpg
2235,resized_male_images\000000002235.jpg
116210,resized_male_images\000000116210.jpg
106575,resized_female_images\000000106575.jpg
95793,resized_female_images\000000095793.jpg
96800,resized_female_images\000000096800.jpg
29328,resized_female_images\000000029328.jpg
31082,resized_female_images\000000031082.jpg
29145,resized_female_images\000000029145.jpg
77903,resized_male_images\000000077903.jpg
121565,resized_female_images\000000121565.jpg
115355,resized_male_images\000000115355.jpg
71244,resized_female_images\000000071244.jpg
60569,resized_female_images\000000060569.jpg
25167,resized_female_images\000000025167.jpg
82157,resized_male_images\000000082157.jpg
120783,resized_female_images\000000120783.jpg
30067,resized_male_images\000000030067.jpg
3988,resized_female_images\000000003988.jpg
113049,resized_female_images\000000113049.jpg
36322,resized_male_images\000000036322.jpg
134007,resized_female_images\000000134007.jpg
60403,resized_male_images\000000060403.jpg
104510,resized_male_images\000000104510.jpg
49022,resized_female_images\000000049022.jpg
109281,resized_male_images\000000109281.jpg
133543,resized_female_images\000000133543.jpg
131593,resized_female_images\000000131593.jpg
67715,resized_female_images\000000067715.jpg
75341,resized_male_images\000000075341.jpg
123411,resized_female_images\000000123411.jpg
59685,resized_male_images\000000059685.jpg
82936,resized_female_images\000000082936.jpg
32413,resized_female_images\000000032413.jpg
114172,resized_male_images\000000114172.jpg
28012,resized_female_images\000000028012.jpg
81589,resized_male_images\000000081589.jpg
82246,resized_male_images\000000082246.jpg
89285,resized_female_images\000000089285.jpg
114759,resized_male_images\000000114759.jpg
109608,resized_female_images\000000109608.jpg
61918,resized_male_images\000000061918.jpg
79853,resized_male_images\000000079853.jpg
14969,resized_male_images\000000014969.jpg
80733,resized_male_images\000000080733.jpg
60596,resized_male_images\000000060596.jpg
55375,resized_female_images\000000055375.jpg
70787,resized_female_images\000000070787.jpg
114820,resized_male_images\000000114820.jpg
34816,resized_male_images\000000034816.jpg
64827,resized_female_images\000000064827.jpg
111352,resized_male_images\000000111352.jpg
52543,resized_female_images\000000052543.jpg
110142,resized_male_images\000000110142.jpg
26655,resized_female_images\000000026655.jpg
86117,resized_female_images\000000086117.jpg
44414,resized_male_images\000000044414.jpg
132652,resized_female_images\000000132652.jpg
36503,resized_male_images\000000036503.jpg
109580,resized_male_images\000000109580.jpg
48791,resized_female_images\000000048791.jpg
67982,resized_male_images\000000067982.jpg
106419,resized_male_images\000000106419.jpg
91994,resized_male_images\000000091994.jpg
35211,resized_female_images\000000035211.jpg
46331,resized_male_images\000000046331.jpg
116881,resized_female_images\000000116881.jpg
44040,resized_female_images\000000044040.jpg
122135,resized_female_images\000000122135.jpg
38073,resized_female_images\000000038073.jpg
6489,resized_male_images\000000006489.jpg
75552,resized_female_images\000000075552.jpg
83481,resized_female_images\000000083481.jpg
20788,resized_female_images\000000020788.jpg
37655,resized_female_images\000000037655.jpg
55578,resized_female_images\000000055578.jpg
121891,resized_male_images\000000121891.jpg
20254,resized_male_images\000000020254.jpg
40905,resized_female_images\000000040905.jpg
82135,resized_female_images\000000082135.jpg
12805,resized_male_images\000000012805.jpg
13985,resized_male_images\000000013985.jpg
109370,resized_male_images\000000109370.jpg
69866,resized_male_images\000000069866.jpg
35705,resized_female_images\000000035705.jpg
59692,resized_male_images\000000059692.jpg
33643,resized_male_images\000000033643.jpg
41331,resized_female_images\000000041331.jpg
85298,resized_female_images\000000085298.jpg
111573,resized_male_images\000000111573.jpg
44719,resized_female_images\000000044719.jpg
42834,resized_female_images\000000042834.jpg
17858,resized_female_images\000000017858.jpg
64399,resized_female_images\000000064399.jpg
32510,resized_female_images\000000032510.jpg
1180,resized_female_images\000000001180.jpg
102118,resized_female_images\000000102118.jpg
93287,resized_female_images\000000093287.jpg
26602,resized_female_images\000000026602.jpg
70332,resized_male_images\000000070332.jpg
83690,resized_female_images\000000083690.jpg
90843,resized_male_images\000000090843.jpg
41155,resized_female_images\000000041155.jpg
97006,resized_female_images\000000097006.jpg
30548,resized_male_images\000000030548.jpg
36,resized_female_images\000000000036.jpg
6760,resized_female_images\000000006760.jpg
6407,resized_female_images\000000006407.jpg
15859,resized_female_images\000000015859.jpg
20188,resized_male_images\000000020188.jpg
15883,resized_male_images\000000015883.jpg
33555,resized_female_images\000000033555.jpg
21329,resized_male_images\000000021329.jpg
22624,resized_male_images\000000022624.jpg
75055,resized_female_images\000000075055.jpg
6189,resized_male_images\000000006189.jpg
120939,resized_female_images\000000120939.jpg
33874,resized_male_images\000000033874.jpg
17167,resized_male_images\000000017167.jpg
3716,resized_female_images\000000003716.jpg
109403,resized_male_images\000000109403.jpg
106804,resized_male_images\000000106804.jpg
116882,resized_female_images\000000116882.jpg
73212,resized_male_images\000000073212.jpg
119166,resized_male_images\000000119166.jpg
72525,resized_male_images\000000072525.jpg
45276,resized_female_images\000000045276.jpg
16359,resized_female_images\000000016359.jpg
95789,resized_female_images\000000095789.jpg
52902,resized_female_images\000000052902.jpg
10249,resized_female_images\000000010249.jpg
30193,resized_male_images\000000030193.jpg
83635,resized_male_images\000000083635.jpg
122948,resized_male_images\000000122948.jpg
79277,resized_male_images\000000079277.jpg
54091,resized_female_images\000000054091.jpg
110574,resized_female_images\000000110574.jpg
19592,resized_male_images\000000019592.jpg
123117,resized_male_images\000000123117.jpg
56636,resized_female_images\000000056636.jpg
68290,resized_male_images\000000068290.jpg
72266,resized_male_images\000000072266.jpg
120428,resized_female_images\000000120428.jpg
98127,resized_female_images\000000098127.jpg
74835,resized_male_images\000000074835.jpg
1204,resized_male_images\000000001204.jpg
58630,resized_female_images\000000058630.jpg
44385,resized_female_images\000000044385.jpg
70675,resized_female_images\000000070675.jpg
85865,resized_male_images\000000085865.jpg
107234,resized_male_images\000000107234.jpg
39527,resized_female_images\000000039527.jpg
105282,resized_female_images\000000105282.jpg
35948,resized_female_images\000000035948.jpg
95241,resized_male_images\000000095241.jpg
25041,resized_male_images\000000025041.jpg
37076,resized_female_images\000000037076.jpg
76406,resized_male_images\000000076406.jpg
110488,resized_female_images\000000110488.jpg
17003,resized_male_images\000000017003.jpg
7946,resized_female_images\000000007946.jpg
18396,resized_male_images\000000018396.jpg
62814,resized_male_images\000000062814.jpg
22656,resized_male_images\000000022656.jpg
102550,resized_female_images\000000102550.jpg
75973,resized_male_images\000000075973.jpg
106963,resized_male_images\000000106963.jpg
114389,resized_female_images\000000114389.jpg
113095,resized_male_images\000000113095.jpg
107205,resized_male_images\000000107205.jpg
112604,resized_female_images\000000112604.jpg
90592,resized_male_images\000000090592.jpg
114404,resized_male_images\000000114404.jpg
91469,resized_female_images\000000091469.jpg
108965,resized_male_images\000000108965.jpg
63235,resized_female_images\000000063235.jpg
123968,resized_male_images\000000123968.jpg
72790,resized_female_images\000000072790.jpg
31941,resized_male_images\000000031941.jpg
59952,resized_male_images\000000059952.jpg
15586,resized_female_images\000000015586.jpg
91155,resized_male_images\000000091155.jpg
12085,resized_male_images\000000012085.jpg
55331,resized_female_images\000000055331.jpg
98927,resized_female_images\000000098927.jpg
11077,resized_female_images\000000011077.jpg
10766,resized_female_images\000000010766.jpg
97825,resized_male_images\000000097825.jpg
23802,resized_male_images\000000023802.jpg
120333,resized_male_images\000000120333.jpg
29151,resized_female_images\000000029151.jpg
18093,resized_female_images\000000018093.jpg
134552,resized_female_images\000000134552.jpg
102734,resized_female_images\000000102734.jpg
109092,resized_male_images\000000109092.jpg
67099,resized_female_images\000000067099.jpg
5946,resized_female_images\000000005946.jpg
24307,resized_male_images\000000024307.jpg
134518,resized_female_images\000000134518.jpg
64823,resized_female_images\000000064823.jpg
37595,resized_male_images\000000037595.jpg
27417,resized_female_images\000000027417.jpg
1592,resized_female_images\000000001592.jpg
110392,resized_female_images\000000110392.jpg
18367,resized_male_images\000000018367.jpg
80747,resized_female_images\000000080747.jpg
64750,resized_female_images\000000064750.jpg
69568,resized_female_images\000000069568.jpg
112581,resized_male_images\000000112581.jpg
71265,resized_female_images\000000071265.jpg
79591,resized_male_images\000000079591.jpg
104956,resized_female_images\000000104956.jpg
115579,resized_male_images\000000115579.jpg
64470,resized_male_images\000000064470.jpg
28194,resized_female_images\000000028194.jpg
44358,resized_male_images\000000044358.jpg
121014,resized_male_images\000000121014.jpg
32607,resized_male_images\000000032607.jpg
49933,resized_female_images\000000049933.jpg
121381,resized_male_images\000000121381.jpg
95003,resized_male_images\000000095003.jpg
95753,resized_male_images\000000095753.jpg
60623,resized_female_images\000000060623.jpg
63959,resized_female_images\000000063959.jpg
111812,resized_male_images\000000111812.jpg
107619,resized_female_images\000000107619.jpg
72373,resized_male_images\000000072373.jpg
85688,resized_female_images\000000085688.jpg
19716,resized_male_images\000000019716.jpg
96728,resized_female_images\000000096728.jpg
44171,resized_female_images\000000044171.jpg
120120,resized_male_images\000000120120.jpg
18523,resized_female_images\000000018523.jpg
3225,resized_female_images\000000003225.jpg
45226,resized_female_images\000000045226.jpg
107701,resized_male_images\000000107701.jpg
15269,resized_male_images\000000015269.jpg
108228,resized_male_images\000000108228.jpg
81284,resized_male_images\000000081284.jpg
109454,resized_male_images\000000109454.jpg
132217,resized_female_images\000000132217.jpg
47489,resized_female_images\000000047489.jpg
25539,resized_male_images\000000025539.jpg
6941,resized_female_images\000000006941.jpg
20202,resized_male_images\000000020202.jpg
48169,resized_female_images\000000048169.jpg
88514,resized_female_images\000000088514.jpg
67660,resized_male_images\000000067660.jpg
32720,resized_female_images\000000032720.jpg
76607,resized_female_images\000000076607.jpg
64492,resized_female_images\000000064492.jpg
72118,resized_male_images\000000072118.jpg
112201,resized_male_images\000000112201.jpg
10785,resized_female_images\000000010785.jpg
42463,resized_male_images\000000042463.jpg
72210,resized_male_images\000000072210.jpg
85881,resized_male_images\000000085881.jpg
12661,resized_female_images\000000012661.jpg
93511,resized_male_images\000000093511.jpg
95483,resized_female_images\000000095483.jpg
93685,resized_male_images\000000093685.jpg
133615,resized_female_images\000000133615.jpg
27562,resized_male_images\000000027562.jpg
95950,resized_male_images\000000095950.jpg
131815,resized_female_images\000000131815.jpg
97372,resized_male_images\000000097372.jpg
15968,resized_male_images\000000015968.jpg
31537,resized_female_images\000000031537.jpg
692,resized_female_images\000000000692.jpg
36498,resized_female_images\000000036498.jpg
52596,resized_female_images\000000052596.jpg
69668,resized_male_images\000000069668.jpg
63617,resized_male_images\000000063617.jpg
84268,resized_female_images\000000084268.jpg
99065,resized_female_images\000000099065.jpg
63698,resized_female_images\000000063698.jpg
127830,resized_female_images\000000127830.jpg
27750,resized_female_images\000000027750.jpg
105110,resized_male_images\000000105110.jpg
75968,resized_female_images\000000075968.jpg
39630,resized_male_images\000000039630.jpg
33536,resized_male_images\000000033536.jpg
19491,resized_male_images\000000019491.jpg
69308,resized_female_images\000000069308.jpg
10149,resized_male_images\000000010149.jpg
123914,resized_male_images\000000123914.jpg
12784,resized_male_images\000000012784.jpg
48270,resized_female_images\000000048270.jpg
13874,resized_female_images\000000013874.jpg
3786,resized_female_images\000000003786.jpg
37158,resized_female_images\000000037158.jpg
98013,resized_female_images\000000098013.jpg
114945,resized_female_images\000000114945.jpg
118994,resized_male_images\000000118994.jpg
5673,resized_male_images\000000005673.jpg
91751,resized_male_images\000000091751.jpg
119248,resized_female_images\000000119248.jpg
105877,resized_female_images\000000105877.jpg
105605,resized_female_images\000000105605.jpg
45058,resized_female_images\000000045058.jpg
58873,resized_female_images\000000058873.jpg
117691,resized_male_images\000000117691.jpg
118542,resized_female_images\000000118542.jpg
4608,resized_female_images\000000004608.jpg
101312,resized_female_images\000000101312.jpg
134738,resized_female_images\000000134738.jpg
114917,resized_male_images\000000114917.jpg
72770,resized_male_images\000000072770.jpg
54683,resized_male_images\000000054683.jpg
19838,resized_male_images\000000019838.jpg
115626,resized_male_images\000000115626.jpg
28595,resized_female_images\000000028595.jpg
34056,resized_male_images\000000034056.jpg
47739,resized_female_images\000000047739.jpg
63558,resized_male_images\000000063558.jpg
104384,resized_male_images\000000104384.jpg
118097,resized_male_images\000000118097.jpg
111716,resized_male_images\000000111716.jpg
114684,resized_female_images\000000114684.jpg
76349,resized_male_images\000000076349.jpg
17356,resized_male_images\000000017356.jpg
23737,resized_male_images\000000023737.jpg
110509,resized_female_images\000000110509.jpg
110459,resized_male_images\000000110459.jpg
98820,resized_female_images\000000098820.jpg
16080,resized_male_images\000000016080.jpg
57631,resized_female_images\000000057631.jpg
1098,resized_female_images\000000001098.jpg
122199,resized_male_images\000000122199.jpg
28097,resized_male_images\000000028097.jpg
72165,resized_female_images\000000072165.jpg
51963,resized_female_images\000000051963.jpg
38892,resized_female_images\000000038892.jpg
126027,resized_female_images\000000126027.jpg
114222,resized_female_images\000000114222.jpg
64071,resized_male_images\000000064071.jpg
92257,resized_male_images\000000092257.jpg
131979,resized_female_images\000000131979.jpg
4011,resized_female_images\000000004011.jpg
115590,resized_male_images\000000115590.jpg
110604,resized_male_images\000000110604.jpg
81761,resized_female_images\000000081761.jpg
15726,resized_male_images\000000015726.jpg
135287,resized_female_images\000000135287.jpg
46223,resized_male_images\000000046223.jpg
28671,resized_female_images\000000028671.jpg
15645,resized_female_images\000000015645.jpg
34478,resized_female_images\000000034478.jpg
106525,resized_male_images\000000106525.jpg
91612,resized_female_images\000000091612.jpg
80429,resized_male_images\000000080429.jpg
104543,resized_male_images\000000104543.jpg
49746,resized_male_images\000000049746.jpg
93015,resized_male_images\000000093015.jpg
123579,resized_male_images\000000123579.jpg
104999,resized_female_images\000000104999.jpg
7689,resized_female_images\000000007689.jpg
18432,resized_male_images\000000018432.jpg
32829,resized_female_images\000000032829.jpg
112029,resized_female_images\000000112029.jpg
7503,resized_male_images\000000007503.jpg
104888,resized_male_images\000000104888.jpg
25729,resized_female_images\000000025729.jpg
57782,resized_female_images\000000057782.jpg
133937,resized_female_images\000000133937.jpg
105386,resized_male_images\000000105386.jpg
22987,resized_female_images\000000022987.jpg
88087,resized_male_images\000000088087.jpg
120159,resized_male_images\000000120159.jpg
32850,resized_female_images\000000032850.jpg
44170,resized_female_images\000000044170.jpg
56800,resized_female_images\000000056800.jpg
112166,resized_male_images\000000112166.jpg
65271,resized_female_images\000000065271.jpg
4711,resized_male_images\000000004711.jpg
46544,resized_female_images\000000046544.jpg
82683,resized_female_images\000000082683.jpg
22671,resized_male_images\000000022671.jpg
1375,resized_female_images\000000001375.jpg
71521,resized_male_images\000000071521.jpg
6945,resized_female_images\000000006945.jpg
96793,resized_female_images\000000096793.jpg
3412,resized_male_images\000000003412.jpg
60035,resized_female_images\000000060035.jpg
9983,resized_female_images\000000009983.jpg
95854,resized_male_images\000000095854.jpg
8014,resized_female_images\000000008014.jpg
35313,resized_female_images\000000035313.jpg
10779,resized_male_images\000000010779.jpg
105767,resized_female_images\000000105767.jpg
102834,resized_female_images\000000102834.jpg
80084,resized_female_images\000000080084.jpg
62858,resized_male_images\000000062858.jpg
3008,resized_female_images\000000003008.jpg
48944,resized_male_images\000000048944.jpg
118347,resized_female_images\000000118347.jpg
31983,resized_female_images\000000031983.jpg
104422,resized_male_images\000000104422.jpg
42756,resized_female_images\000000042756.jpg
28402,resized_male_images\000000028402.jpg
64314,resized_female_images\000000064314.jpg
70800,resized_female_images\000000070800.jpg
130271,resized_female_images\000000130271.jpg
116356,resized_male_images\000000116356.jpg
50028,resized_female_images\000000050028.jpg
38726,resized_male_images\000000038726.jpg
16101,resized_female_images\000000016101.jpg
37354,resized_female_images\000000037354.jpg
106244,resized_male_images\000000106244.jpg
47524,resized_male_images\000000047524.jpg
64439,resized_female_images\000000064439.jpg
93740,resized_female_images\000000093740.jpg
25864,resized_female_images\000000025864.jpg
31981,resized_female_images\000000031981.jpg
57895,resized_female_images\000000057895.jpg
34557,resized_female_images\000000034557.jpg
121040,resized_male_images\000000121040.jpg
25990,resized_male_images\000000025990.jpg
67835,resized_male_images\000000067835.jpg
124117,resized_female_images\000000124117.jpg
35738,resized_male_images\000000035738.jpg
38532,resized_male_images\000000038532.jpg
76742,resized_female_images\000000076742.jpg
50204,resized_male_images\000000050204.jpg
87501,resized_male_images\000000087501.jpg
71495,resized_female_images\000000071495.jpg
105055,resized_male_images\000000105055.jpg
45600,resized_female_images\000000045600.jpg
28626,resized_female_images\000000028626.jpg
90884,resized_male_images\000000090884.jpg
108739,resized_female_images\000000108739.jpg
71157,resized_male_images\000000071157.jpg
123260,resized_male_images\000000123260.jpg
121619,resized_male_images\000000121619.jpg
122955,resized_male_images\000000122955.jpg
41649,resized_female_images\000000041649.jpg
6295,resized_female_images\000000006295.jpg
7809,resized_female_images\000000007809.jpg
77752,resized_female_images\000000077752.jpg
90739,resized_male_images\000000090739.jpg
40846,resized_male_images\000000040846.jpg
49942,resized_male_images\000000049942.jpg
99354,resized_female_images\000000099354.jpg
15354,resized_female_images\000000015354.jpg
85659,resized_female_images\000000085659.jpg
98205,resized_female_images\000000098205.jpg
19714,resized_male_images\000000019714.jpg
133722,resized_female_images\000000133722.jpg
11661,resized_male_images\000000011661.jpg
65588,resized_male_images\000000065588.jpg
30668,resized_female_images\000000030668.jpg
8309,resized_female_images\000000008309.jpg
106073,resized_male_images\000000106073.jpg
63683,resized_female_images\000000063683.jpg
97130,resized_female_images\000000097130.jpg
6520,resized_female_images\000000006520.jpg
110841,resized_male_images\000000110841.jpg
28555,resized_female_images\000000028555.jpg
84097,resized_male_images\000000084097.jpg
9789,resized_female_images\000000009789.jpg
73786,resized_female_images\000000073786.jpg
25609,resized_female_images\000000025609.jpg
18656,resized_male_images\000000018656.jpg
101597,resized_female_images\000000101597.jpg
108327,resized_male_images\000000108327.jpg
19781,resized_male_images\000000019781.jpg
41962,resized_female_images\000000041962.jpg
14549,resized_male_images\000000014549.jpg
13175,resized_male_images\000000013175.jpg
10393,resized_male_images\000000010393.jpg
118436,resized_male_images\000000118436.jpg
74081,resized_female_images\000000074081.jpg
22650,resized_male_images\000000022650.jpg
42293,resized_male_images\000000042293.jpg
122631,resized_female_images\000000122631.jpg
47498,resized_male_images\000000047498.jpg
59993,resized_female_images\000000059993.jpg
71651,resized_male_images\000000071651.jpg
105021,resized_male_images\000000105021.jpg
51270,resized_male_images\000000051270.jpg
71713,resized_male_images\000000071713.jpg
6675,resized_male_images\000000006675.jpg
104470,resized_female_images\000000104470.jpg
44508,resized_male_images\000000044508.jpg
110417,resized_male_images\000000110417.jpg
25147,resized_female_images\000000025147.jpg
10123,resized_female_images\000000010123.jpg
117184,resized_male_images\000000117184.jpg
130314,resized_female_images\000000130314.jpg
110962,resized_male_images\000000110962.jpg
70156,resized_female_images\000000070156.jpg
37039,resized_female_images\000000037039.jpg
48287,resized_male_images\000000048287.jpg
42091,resized_female_images\000000042091.jpg
93985,resized_male_images\000000093985.jpg
123766,resized_female_images\000000123766.jpg
40251,resized_male_images\000000040251.jpg
47475,resized_female_images\000000047475.jpg
27282,resized_male_images\000000027282.jpg
63525,resized_male_images\000000063525.jpg
42297,resized_female_images\000000042297.jpg
50340,resized_female_images\000000050340.jpg
101978,resized_female_images\000000101978.jpg
48044,resized_female_images\000000048044.jpg
68153,resized_female_images\000000068153.jpg
50562,resized_female_images\000000050562.jpg
49478,resized_female_images\000000049478.jpg
21151,resized_female_images\000000021151.jpg
63918,resized_male_images\000000063918.jpg
106504,resized_male_images\000000106504.jpg
118612,resized_male_images\000000118612.jpg
103556,resized_female_images\000000103556.jpg
64731,resized_female_images\000000064731.jpg
30094,resized_male_images\000000030094.jpg
84460,resized_female_images\000000084460.jpg
68874,resized_male_images\000000068874.jpg
24971,resized_female_images\000000024971.jpg
105168,resized_female_images\000000105168.jpg
52016,resized_female_images\000000052016.jpg
74832,resized_male_images\000000074832.jpg
62623,resized_male_images\000000062623.jpg
25425,resized_male_images\000000025425.jpg
90869,resized_male_images\000000090869.jpg
107073,resized_male_images\000000107073.jpg
72708,resized_female_images\000000072708.jpg
25508,resized_female_images\000000025508.jpg
106172,resized_male_images\000000106172.jpg
62399,resized_male_images\000000062399.jpg
99874,resized_female_images\000000099874.jpg
76401,resized_male_images\000000076401.jpg
29730,resized_female_images\000000029730.jpg
10313,resized_male_images\000000010313.jpg
106788,resized_male_images\000000106788.jpg
103722,resized_female_images\000000103722.jpg
52030,resized_female_images\000000052030.jpg
48129,resized_male_images\000000048129.jpg
38123,resized_female_images\000000038123.jpg
395,resized_male_images\000000000395.jpg
32903,resized_male_images\000000032903.jpg
67241,resized_male_images\000000067241.jpg
29524,resized_female_images\000000029524.jpg
13292,resized_male_images\000000013292.jpg
72203,resized_female_images\000000072203.jpg
93430,resized_male_images\000000093430.jpg
13921,resized_female_images\000000013921.jpg
23420,resized_male_images\000000023420.jpg
115635,resized_female_images\000000115635.jpg
83836,resized_male_images\000000083836.jpg
53518,resized_female_images\000000053518.jpg
118296,resized_male_images\000000118296.jpg
28702,resized_male_images\000000028702.jpg
28674,resized_male_images\000000028674.jpg
37865,resized_female_images\000000037865.jpg
30034,resized_female_images\000000030034.jpg
25244,resized_male_images\000000025244.jpg
70718,resized_male_images\000000070718.jpg
100273,resized_female_images\000000100273.jpg
25552,resized_male_images\000000025552.jpg
92910,resized_female_images\000000092910.jpg
90061,resized_male_images\000000090061.jpg
32689,resized_female_images\000000032689.jpg
81463,resized_female_images\000000081463.jpg
25385,resized_male_images\000000025385.jpg
31235,resized_female_images\000000031235.jpg
73035,resized_male_images\000000073035.jpg
118743,resized_female_images\000000118743.jpg
105668,resized_female_images\000000105668.jpg
61139,resized_male_images\000000061139.jpg
108282,resized_female_images\000000108282.jpg
5165,resized_female_images\000000005165.jpg
96222,resized_male_images\000000096222.jpg
97530,resized_male_images\000000097530.jpg
68254,resized_male_images\000000068254.jpg
60325,resized_male_images\000000060325.jpg
97365,resized_male_images\000000097365.jpg
58179,resized_male_images\000000058179.jpg
12827,resized_female_images\000000012827.jpg
89227,resized_male_images\000000089227.jpg
18327,resized_male_images\000000018327.jpg
48870,resized_female_images\000000048870.jpg
111680,resized_male_images\000000111680.jpg
42050,resized_male_images\000000042050.jpg
91326,resized_male_images\000000091326.jpg
89839,resized_male_images\000000089839.jpg
66877,resized_female_images\000000066877.jpg
33645,resized_female_images\000000033645.jpg
70295,resized_male_images\000000070295.jpg
122796,resized_female_images\000000122796.jpg
22193,resized_female_images\000000022193.jpg
121441,resized_female_images\000000121441.jpg
99422,resized_female_images\000000099422.jpg
93789,resized_male_images\000000093789.jpg
93587,resized_male_images\000000093587.jpg
75624,resized_female_images\000000075624.jpg
80952,resized_male_images\000000080952.jpg
125015,resized_female_images\000000125015.jpg
40114,resized_male_images\000000040114.jpg
32778,resized_male_images\000000032778.jpg
16382,resized_male_images\000000016382.jpg
14088,resized_male_images\000000014088.jpg
75754,resized_female_images\000000075754.jpg
10138,resized_male_images\000000010138.jpg
31922,resized_female_images\000000031922.jpg
110748,resized_male_images\000000110748.jpg
66909,resized_male_images\000000066909.jpg
61654,resized_male_images\000000061654.jpg
57283,resized_female_images\000000057283.jpg
115296,resized_male_images\000000115296.jpg
22149,resized_female_images\000000022149.jpg
118369,resized_male_images\000000118369.jpg
68974,resized_male_images\000000068974.jpg
47767,resized_male_images\000000047767.jpg
98592,resized_female_images\000000098592.jpg
88092,resized_male_images\000000088092.jpg
76970,resized_male_images\000000076970.jpg
38426,resized_male_images\000000038426.jpg
5038,resized_female_images\000000005038.jpg
74067,resized_male_images\000000074067.jpg
8841,resized_male_images\000000008841.jpg
32679,resized_female_images\000000032679.jpg
436,resized_male_images\000000000436.jpg
135796,resized_female_images\000000135796.jpg
65209,resized_male_images\000000065209.jpg
94570,resized_male_images\000000094570.jpg
110982,resized_male_images\000000110982.jpg
9469,resized_male_images\000000009469.jpg
61769,resized_male_images\000000061769.jpg
63163,resized_female_images\000000063163.jpg
16403,resized_male_images\000000016403.jpg
41528,resized_male_images\000000041528.jpg
63104,resized_male_images\000000063104.jpg
49720,resized_male_images\000000049720.jpg
23392,resized_female_images\000000023392.jpg
65753,resized_male_images\000000065753.jpg
97092,resized_male_images\000000097092.jpg
106168,resized_female_images\000000106168.jpg
25872,resized_male_images\000000025872.jpg
105374,resized_male_images\000000105374.jpg
42741,resized_male_images\000000042741.jpg
89943,resized_male_images\000000089943.jpg
68581,resized_female_images\000000068581.jpg
1006,resized_male_images\000000001006.jpg
26031,resized_female_images\000000026031.jpg
40954,resized_male_images\000000040954.jpg
93090,resized_female_images\000000093090.jpg
43024,resized_male_images\000000043024.jpg
93851,resized_male_images\000000093851.jpg
2446,resized_male_images\000000002446.jpg
26583,resized_female_images\000000026583.jpg
84258,resized_male_images\000000084258.jpg
15546,resized_female_images\000000015546.jpg
115616,resized_male_images\000000115616.jpg
5961,resized_male_images\000000005961.jpg
62877,resized_male_images\000000062877.jpg
127581,resized_female_images\000000127581.jpg
59961,resized_male_images\000000059961.jpg
58406,resized_male_images\000000058406.jpg
40341,resized_male_images\000000040341.jpg
73174,resized_female_images\000000073174.jpg
106046,resized_female_images\000000106046.jpg
114788,resized_male_images\000000114788.jpg
35246,resized_female_images\000000035246.jpg
21846,resized_male_images\000000021846.jpg
88913,resized_female_images\000000088913.jpg
53315,resized_male_images\000000053315.jpg
118278,resized_female_images\000000118278.jpg
19594,resized_male_images\000000019594.jpg
446,resized_female_images\000000000446.jpg
100564,resized_female_images\000000100564.jpg
92366,resized_female_images\000000092366.jpg
80651,resized_female_images\000000080651.jpg
84533,resized_female_images\000000084533.jpg
114225,resized_male_images\000000114225.jpg
134643,resized_female_images\000000134643.jpg
27207,resized_male_images\000000027207.jpg
87151,resized_female_images\000000087151.jpg
58929,resized_female_images\000000058929.jpg
135442,resized_female_images\000000135442.jpg
75697,resized_female_images\000000075697.jpg
66388,resized_male_images\000000066388.jpg
118846,resized_male_images\000000118846.jpg
36282,resized_female_images\000000036282.jpg
26537,resized_male_images\000000026537.jpg
13844,resized_male_images\000000013844.jpg
39065,resized_male_images\000000039065.jpg
79213,resized_male_images\000000079213.jpg
58355,resized_male_images\000000058355.jpg
19994,resized_male_images\000000019994.jpg
59581,resized_male_images\000000059581.jpg
134510,resized_female_images\000000134510.jpg
104344,resized_male_images\000000104344.jpg
10560,resized_male_images\000000010560.jpg
110573,resized_male_images\000000110573.jpg
72105,resized_female_images\000000072105.jpg
66172,resized_female_images\000000066172.jpg
29358,resized_male_images\000000029358.jpg
2466,resized_female_images\000000002466.jpg
41413,resized_female_images\000000041413.jpg
1403,resized_male_images\000000001403.jpg
36904,resized_female_images\000000036904.jpg
6531,resized_male_images\000000006531.jpg
26817,resized_male_images\000000026817.jpg
39866,resized_female_images\000000039866.jpg
13783,resized_male_images\000000013783.jpg
41475,resized_female_images\000000041475.jpg
122981,resized_male_images\000000122981.jpg
95113,resized_male_images\000000095113.jpg
70240,resized_female_images\000000070240.jpg
41552,resized_female_images\000000041552.jpg
109190,resized_male_images\000000109190.jpg
117857,resized_male_images\000000117857.jpg
80279,resized_female_images\000000080279.jpg
79517,resized_male_images\000000079517.jpg
73159,resized_male_images\000000073159.jpg
2583,resized_male_images\000000002583.jpg
48668,resized_male_images\000000048668.jpg
67854,resized_male_images\000000067854.jpg
31867,resized_female_images\000000031867.jpg
32918,resized_female_images\000000032918.jpg
26893,resized_male_images\000000026893.jpg
80480,resized_female_images\000000080480.jpg
60979,resized_male_images\000000060979.jpg
103969,resized_female_images\000000103969.jpg
39888,resized_male_images\000000039888.jpg
79860,resized_male_images\000000079860.jpg
24657,resized_female_images\000000024657.jpg
1841,resized_female_images\000000001841.jpg
65488,resized_female_images\000000065488.jpg
36459,resized_female_images\000000036459.jpg
29937,resized_male_images\000000029937.jpg
107191,resized_male_images\000000107191.jpg
17181,resized_male_images\000000017181.jpg
48220,resized_female_images\000000048220.jpg
59388,resized_male_images\000000059388.jpg
84902,resized_female_images\000000084902.jpg
36482,resized_male_images\000000036482.jpg
114239,resized_female_images\000000114239.jpg
72850,resized_male_images\000000072850.jpg
45425,resized_female_images\000000045425.jpg
60010,resized_male_images\000000060010.jpg
72975,resized_male_images\000000072975.jpg
81809,resized_female_images\000000081809.jpg
83741,resized_male_images\000000083741.jpg
57719,resized_female_images\000000057719.jpg
84594,resized_male_images\000000084594.jpg
109950,resized_female_images\000000109950.jpg
4386,resized_male_images\000000004386.jpg
42103,resized_female_images\000000042103.jpg
49913,resized_male_images\000000049913.jpg
69646,resized_male_images\000000069646.jpg
41319,resized_male_images\000000041319.jpg
128181,resized_female_images\000000128181.jpg
95224,resized_male_images\000000095224.jpg
66695,resized_male_images\000000066695.jpg
79512,resized_female_images\000000079512.jpg
114453,resized_female_images\000000114453.jpg
66808,resized_male_images\000000066808.jpg
81239,resized_female_images\000000081239.jpg
38693,resized_male_images\000000038693.jpg
69770,resized_male_images\000000069770.jpg
89902,resized_male_images\000000089902.jpg
60402,resized_female_images\000000060402.jpg
24716,resized_female_images\000000024716.jpg
29444,resized_male_images\000000029444.jpg
27792,resized_female_images\000000027792.jpg
52433,resized_female_images\000000052433.jpg
115569,resized_female_images\000000115569.jpg
93106,resized_male_images\000000093106.jpg
111646,resized_male_images\000000111646.jpg
81274,resized_female_images\000000081274.jpg
52281,resized_female_images\000000052281.jpg
79684,resized_male_images\000000079684.jpg
33882,resized_female_images\000000033882.jpg
14248,resized_female_images\000000014248.jpg
54563,resized_female_images\000000054563.jpg
37852,resized_male_images\000000037852.jpg
111277,resized_male_images\000000111277.jpg
91996,resized_male_images\000000091996.jpg
22281,resized_male_images\000000022281.jpg
69559,resized_male_images\000000069559.jpg
14428,resized_female_images\000000014428.jpg
85852,resized_female_images\000000085852.jpg
15193,resized_male_images\000000015193.jpg
85081,resized_male_images\000000085081.jpg
32947,resized_female_images\000000032947.jpg
34333,resized_male_images\000000034333.jpg
57169,resized_female_images\000000057169.jpg
95178,resized_male_images\000000095178.jpg
44047,resized_male_images\000000044047.jpg
27221,resized_female_images\000000027221.jpg
29833,resized_female_images\000000029833.jpg
47680,resized_male_images\000000047680.jpg
43957,resized_male_images\000000043957.jpg
35825,resized_female_images\000000035825.jpg
127994,resized_female_images\000000127994.jpg
25282,resized_female_images\000000025282.jpg
63754,resized_male_images\000000063754.jpg
86569,resized_female_images\000000086569.jpg
37931,resized_male_images\000000037931.jpg
48365,resized_male_images\000000048365.jpg
110435,resized_female_images\000000110435.jpg
14261,resized_male_images\000000014261.jpg
38670,resized_male_images\000000038670.jpg
121351,resized_female_images\000000121351.jpg
22857,resized_male_images\000000022857.jpg
370,resized_female_images\000000000370.jpg
6491,resized_female_images\000000006491.jpg
24457,resized_male_images\000000024457.jpg
106792,resized_male_images\000000106792.jpg
71224,resized_female_images\000000071224.jpg
22123,resized_female_images\000000022123.jpg
56040,resized_female_images\000000056040.jpg
73860,resized_female_images\000000073860.jpg
79567,resized_male_images\000000079567.jpg
11256,resized_female_images\000000011256.jpg
93441,resized_male_images\000000093441.jpg
2055,resized_male_images\000000002055.jpg
42760,resized_female_images\000000042760.jpg
41710,resized_female_images\000000041710.jpg
75305,resized_female_images\000000075305.jpg
39335,resized_female_images\000000039335.jpg
962,resized_male_images\000000000962.jpg
20070,resized_male_images\000000020070.jpg
32068,resized_female_images\000000032068.jpg
77426,resized_male_images\000000077426.jpg
104943,resized_female_images\000000104943.jpg
123539,resized_male_images\000000123539.jpg
116861,resized_female_images\000000116861.jpg
93175,resized_male_images\000000093175.jpg
36881,resized_female_images\000000036881.jpg
71699,resized_male_images\000000071699.jpg
86922,resized_female_images\000000086922.jpg
57595,resized_female_images\000000057595.jpg
86407,resized_male_images\000000086407.jpg
45367,resized_female_images\000000045367.jpg
21746,resized_female_images\000000021746.jpg
79619,resized_male_images\000000079619.jpg
86869,resized_female_images\000000086869.jpg
82759,resized_male_images\000000082759.jpg
44627,resized_male_images\000000044627.jpg
31536,resized_female_images\000000031536.jpg
25293,resized_female_images\000000025293.jpg
82738,resized_female_images\000000082738.jpg
116988,resized_female_images\000000116988.jpg
14252,resized_male_images\000000014252.jpg
114561,resized_male_images\000000114561.jpg
23579,resized_female_images\000000023579.jpg
82147,resized_male_images\000000082147.jpg
114035,resized_female_images\000000114035.jpg
94922,resized_male_images\000000094922.jpg
118694,resized_male_images\000000118694.jpg
63804,resized_female_images\000000063804.jpg
108620,resized_female_images\000000108620.jpg
32609,resized_male_images\000000032609.jpg
10743,resized_female_images\000000010743.jpg
59267,resized_female_images\000000059267.jpg
294,resized_male_images\000000000294.jpg
95319,resized_male_images\000000095319.jpg
106287,resized_female_images\000000106287.jpg
52295,resized_female_images\000000052295.jpg
96746,resized_female_images\000000096746.jpg
40246,resized_male_images\000000040246.jpg
39072,resized_male_images\000000039072.jpg
117040,resized_female_images\000000117040.jpg
37552,resized_male_images\000000037552.jpg
19182,resized_male_images\000000019182.jpg
41740,resized_male_images\000000041740.jpg
15268,resized_female_images\000000015268.jpg
84706,resized_male_images\000000084706.jpg
32708,resized_male_images\000000032708.jpg
79720,resized_female_images\000000079720.jpg
75682,resized_female_images\000000075682.jpg
30290,resized_male_images\000000030290.jpg
70296,resized_female_images\000000070296.jpg
109761,resized_male_images\000000109761.jpg
23893,resized_female_images\000000023893.jpg
99245,resized_female_images\000000099245.jpg
101468,resized_female_images\000000101468.jpg
93030,resized_female_images\000000093030.jpg
63166,resized_male_images\000000063166.jpg
92928,resized_female_images\000000092928.jpg
129056,resized_female_images\000000129056.jpg
43895,resized_female_images\000000043895.jpg
43753,resized_male_images\000000043753.jpg
41899,resized_female_images\000000041899.jpg
113473,resized_female_images\000000113473.jpg
124101,resized_male_images\000000124101.jpg
38745,resized_female_images\000000038745.jpg
92776,resized_female_images\000000092776.jpg
125822,resized_female_images\000000125822.jpg
44700,resized_male_images\000000044700.jpg
129738,resized_female_images\000000129738.jpg
63434,resized_male_images\000000063434.jpg
104585,resized_female_images\000000104585.jpg
27267,resized_female_images\000000027267.jpg
39570,resized_male_images\000000039570.jpg
57995,resized_female_images\000000057995.jpg
111157,resized_male_images\000000111157.jpg
84463,resized_male_images\000000084463.jpg
76738,resized_male_images\000000076738.jpg
29080,resized_male_images\000000029080.jpg
120061,resized_male_images\000000120061.jpg
48289,resized_male_images\000000048289.jpg
11401,resized_female_images\000000011401.jpg
46155,resized_female_images\000000046155.jpg
18816,resized_female_images\000000018816.jpg
33773,resized_male_images\000000033773.jpg
12991,resized_female_images\000000012991.jpg
16823,resized_female_images\000000016823.jpg
131018,resized_female_images\000000131018.jpg
58448,resized_male_images\000000058448.jpg
67966,resized_female_images\000000067966.jpg
36908,resized_female_images\000000036908.jpg
114352,resized_male_images\000000114352.jpg
57936,resized_female_images\000000057936.jpg
31504,resized_female_images\000000031504.jpg
92951,resized_male_images\000000092951.jpg
35206,resized_male_images\000000035206.jpg
19552,resized_male_images\000000019552.jpg
117759,resized_female_images\000000117759.jpg
26987,resized_male_images\000000026987.jpg
33158,resized_male_images\000000033158.jpg
109738,resized_male_images\000000109738.jpg
81201,resized_female_images\000000081201.jpg
29813,resized_female_images\000000029813.jpg
86800,resized_female_images\000000086800.jpg
30066,resized_female_images\000000030066.jpg
92332,resized_male_images\000000092332.jpg
20367,resized_male_images\000000020367.jpg
85192,resized_female_images\000000085192.jpg
29286,resized_female_images\000000029286.jpg
36951,resized_female_images\000000036951.jpg
16237,resized_male_images\000000016237.jpg
68025,resized_female_images\000000068025.jpg
22593,resized_male_images\000000022593.jpg
52703,resized_female_images\000000052703.jpg
53731,resized_female_images\000000053731.jpg
92639,resized_male_images\000000092639.jpg
75033,resized_male_images\000000075033.jpg
37527,resized_male_images\000000037527.jpg
20987,resized_female_images\000000020987.jpg
6692,resized_male_images\000000006692.jpg
4424,resized_male_images\000000004424.jpg
69625,resized_male_images\000000069625.jpg
81967,resized_male_images\000000081967.jpg
46207,resized_male_images\000000046207.jpg
70629,resized_male_images\000000070629.jpg
60539,resized_female_images\000000060539.jpg
9270,resized_female_images\000000009270.jpg
97801,resized_female_images\000000097801.jpg
43856,resized_female_images\000000043856.jpg
14591,resized_male_images\000000014591.jpg
50414,resized_female_images\000000050414.jpg
38411,resized_female_images\000000038411.jpg
106638,resized_male_images\000000106638.jpg
16959,resized_male_images\000000016959.jpg
92543,resized_female_images\000000092543.jpg
91336,resized_female_images\000000091336.jpg
18982,resized_male_images\000000018982.jpg
74704,resized_male_images\000000074704.jpg
22646,resized_male_images\000000022646.jpg
89103,resized_female_images\000000089103.jpg
78053,resized_male_images\000000078053.jpg
8106,resized_female_images\000000008106.jpg
37646,resized_male_images\000000037646.jpg
104980,resized_male_images\000000104980.jpg
55221,resized_female_images\000000055221.jpg
34356,resized_female_images\000000034356.jpg
80619,resized_male_images\000000080619.jpg
25998,resized_female_images\000000025998.jpg
115645,resized_male_images\000000115645.jpg
86189,resized_female_images\000000086189.jpg
108484,resized_female_images\000000108484.jpg
74273,resized_female_images\000000074273.jpg
74223,resized_male_images\000000074223.jpg
74875,resized_male_images\000000074875.jpg
60472,resized_male_images\000000060472.jpg
6057,resized_female_images\000000006057.jpg
75999,resized_female_images\000000075999.jpg
68257,resized_male_images\000000068257.jpg
26905,resized_male_images\000000026905.jpg
23587,resized_male_images\000000023587.jpg
80316,resized_female_images\000000080316.jpg
33752,resized_female_images\000000033752.jpg
16257,resized_male_images\000000016257.jpg
115158,resized_male_images\000000115158.jpg
1146,resized_male_images\000000001146.jpg
94723,resized_female_images\000000094723.jpg
72549,resized_female_images\000000072549.jpg
68898,resized_male_images\000000068898.jpg
127267,resized_female_images\000000127267.jpg
42320,resized_male_images\000000042320.jpg
36204,resized_male_images\000000036204.jpg
70426,resized_female_images\000000070426.jpg
110617,resized_male_images\000000110617.jpg
24518,resized_male_images\000000024518.jpg
55447,resized_male_images\000000055447.jpg
46419,resized_female_images\000000046419.jpg
73773,resized_male_images\000000073773.jpg
80883,resized_male_images\000000080883.jpg
113619,resized_female_images\000000113619.jpg
67748,resized_female_images\000000067748.jpg
42312,resized_male_images\000000042312.jpg
1436,resized_male_images\000000001436.jpg
37519,resized_male_images\000000037519.jpg
82969,resized_female_images\000000082969.jpg
50620,resized_female_images\000000050620.jpg
76676,resized_male_images\000000076676.jpg
21883,resized_male_images\000000021883.jpg
83654,resized_male_images\000000083654.jpg
106596,resized_male_images\000000106596.jpg
95171,resized_female_images\000000095171.jpg
17413,resized_male_images\000000017413.jpg
111104,resized_male_images\000000111104.jpg
18020,resized_male_images\000000018020.jpg
91416,resized_male_images\000000091416.jpg
73180,resized_male_images\000000073180.jpg
32095,resized_male_images\000000032095.jpg
95517,resized_male_images\000000095517.jpg
112478,resized_male_images\000000112478.jpg
92054,resized_male_images\000000092054.jpg
82304,resized_female_images\000000082304.jpg
90374,resized_female_images\000000090374.jpg
115829,resized_male_images\000000115829.jpg
48281,resized_female_images\000000048281.jpg
48493,resized_female_images\000000048493.jpg
123382,resized_male_images\000000123382.jpg
22501,resized_female_images\000000022501.jpg
70470,resized_female_images\000000070470.jpg
80434,resized_male_images\000000080434.jpg
35795,resized_male_images\000000035795.jpg
23258,resized_female_images\000000023258.jpg
92028,resized_male_images\000000092028.jpg
58482,resized_female_images\000000058482.jpg
23988,resized_male_images\000000023988.jpg
35547,resized_female_images\000000035547.jpg
97170,resized_female_images\000000097170.jpg
93580,resized_male_images\000000093580.jpg
72376,resized_male_images\000000072376.jpg
18358,resized_male_images\000000018358.jpg
8495,resized_male_images\000000008495.jpg
20389,resized_male_images\000000020389.jpg
68646,resized_male_images\000000068646.jpg
114828,resized_male_images\000000114828.jpg
60289,resized_female_images\000000060289.jpg
118061,resized_male_images\000000118061.jpg
126564,resized_female_images\000000126564.jpg
91725,resized_male_images\000000091725.jpg
75187,resized_female_images\000000075187.jpg
54796,resized_female_images\000000054796.jpg
73783,resized_male_images\000000073783.jpg
27570,resized_female_images\000000027570.jpg
26884,resized_male_images\000000026884.jpg
113397,resized_male_images\000000113397.jpg
2239,resized_female_images\000000002239.jpg
92686,resized_female_images\000000092686.jpg
90255,resized_female_images\000000090255.jpg
84352,resized_male_images\000000084352.jpg
134564,resized_female_images\000000134564.jpg
24414,resized_male_images\000000024414.jpg
8369,resized_female_images\000000008369.jpg
42044,resized_male_images\000000042044.jpg
72255,resized_male_images\000000072255.jpg
70344,resized_male_images\000000070344.jpg
53347,resized_female_images\000000053347.jpg
90341,resized_male_images\000000090341.jpg
70863,resized_male_images\000000070863.jpg
50263,resized_female_images\000000050263.jpg
62833,resized_male_images\000000062833.jpg
86708,resized_male_images\000000086708.jpg
17308,resized_female_images\000000017308.jpg
12797,resized_male_images\000000012797.jpg
124805,resized_female_images\000000124805.jpg
8832,resized_female_images\000000008832.jpg
94271,resized_male_images\000000094271.jpg
14629,resized_female_images\000000014629.jpg
35316,resized_male_images\000000035316.jpg
90516,resized_female_images\000000090516.jpg
126073,resized_female_images\000000126073.jpg
92020,resized_male_images\000000092020.jpg
78065,resized_male_images\000000078065.jpg
95341,resized_male_images\000000095341.jpg
97173,resized_female_images\000000097173.jpg
38845,resized_female_images\000000038845.jpg
125920,resized_female_images\000000125920.jpg
60858,resized_male_images\000000060858.jpg
36303,resized_male_images\000000036303.jpg
